<application>
  <component name="LafManager">
    <laf themeId="e73dac03-3ae2-4ad3-ae63-a9d2beb93056" />
    <lafs-to-previous-schemes>
      <laf-to-scheme laf="Ayu Mirage" scheme="_@user_Bluedolphin" />
      <laf-to-scheme laf="Darcula" scheme="_@user_GitHub Light" />
      <laf-to-scheme laf="Dark" scheme="_@user_GitHub Light" />
      <laf-to-scheme laf="GitHub Dark High Contrast" scheme="_@user_GitHub Light" />
      <laf-to-scheme laf="GitHub Light" scheme="_@user_GitHub Light" />
      <laf-to-scheme laf="Gruvbox Dark Soft" scheme="Gruvbox Dark Soft" />
      <laf-to-scheme laf="Light with Light Header" scheme="_@user_Light" />
    </lafs-to-previous-schemes>
  </component>
</application>