<application>
  <component name="Trusted.Paths">
    <option name="TRUSTED_PROJECT_PATHS">
      <map>
        <entry key="$USER_HOME$/Downloads/Assignment" value="true" />
        <entry key="$USER_HOME$/tracxn/ChangeStream" value="true" />
        <entry key="$USER_HOME$/tracxn/ChangeStreamPlayground" value="true" />
        <entry key="$USER_HOME$/tracxn/FlatMap" value="true" />
        <entry key="$USER_HOME$/tracxn/demo" value="true" />
        <entry key="$USER_HOME$/tracxn/monitor" value="true" />
        <entry key="$USER_HOME$/tracxn/node" value="true" />
        <entry key="$USER_HOME$/tracxn/node/serverless/templates/aws-java" value="true" />
        <entry key="$USER_HOME$/tracxn/tracxnspring" value="true" />
        <entry key="$USER_HOME$/tracxn/tracxnspring/libs2" value="true" />
        <entry key="$USER_HOME$/tracxn/tracxnspring/libs2/config/tracxn-datastores/tracxn-datastores-snowflake" value="true" />
        <entry key="$USER_HOME$/tracxn/tracxnspring/libs2/consumers/tracxn-publiccloudip-consumer" value="true" />
        <entry key="$USER_HOME$/tracxn/tracxnspring/libs2/consumers/tracxn-snowflake-consumer" value="true" />
        <entry key="$USER_HOME$/tracxn/tracxnspring/libs2/consumers/tracxn-snowflake-producer" value="true" />
        <entry key="$USER_HOME$/tracxn/tracxnspring/libs2/libs/tracxn-audit" value="true" />
        <entry key="$USER_HOME$/tracxn/tracxnspring/libs2/libs/tracxn-auditevent" value="true" />
        <entry key="$USER_HOME$/tracxn/tracxnspring/libs2/libs/tracxn-autoscaling3" value="true" />
        <entry key="$USER_HOME$/tracxn/tracxnspring/libs2/libs/tracxn-exportv2" value="true" />
        <entry key="$USER_HOME$/tracxn/tracxnspring/libs2/libs/tracxn-snowflake" value="true" />
        <entry key="$USER_HOME$/tracxn/tracxnspring/libs2/libs/tracxn-templateutil" value="true" />
        <entry key="$USER_HOME$/tracxn/tracxnspring/libs2/utility/springutils/tracxn-springinfra" value="true" />
        <entry key="$USER_HOME$/tracxn/tracxnspring/libs2/utility/springutils/tracxn-springinfra3" value="true" />
        <entry key="$USER_HOME$/tracxn/tracxnspring/libs2/utility/springutils/tracxn-springlogevent3" value="true" />
        <entry key="$USER_HOME$/tracxn/tracxnspring/libs2/utility/utils/tracxn-consumergroupv3" value="true" />
        <entry key="$USER_HOME$/tracxn/tracxnspring/libs2/utility/utils/tracxn-dataiterator-common" value="true" />
        <entry key="$USER_HOME$/tracxn/tracxnspring/libs2/utility/utils/tracxn-dataiterator-common3" value="true" />
        <entry key="$USER_HOME$/tracxn/tracxnspring/libs2/utility/utils/tracxn-emailconsumerv3" value="true" />
        <entry key="$USER_HOME$/tracxn/tracxnspring/libs2/utility/utils/tracxn-emailutil" value="true" />
        <entry key="$USER_HOME$/tracxn/tracxnspring/libs2/utility/utils/tracxn-emailutil3" value="true" />
        <entry key="$USER_HOME$/tracxn/tracxnspring/libs2/utility/utils/tracxn-jobsystem/tracxn-jobsystem-producer-wrapper" value="true" />
        <entry key="$USER_HOME$/tracxn/tracxnspring/libs2/utility/utils/tracxn-jobsystem/tracxn-kafka" value="true" />
        <entry key="$USER_HOME$/tracxn/tracxnspring/libs2/utility/utils/tracxn-jobsystem/tracxn-kafka/tracxn-kafka-consumer" value="true" />
        <entry key="$USER_HOME$/tracxn/tracxnspring/libs2/utility/utils/tracxn-jobsystem/tracxn-kafka/tracxn-kafka-core" value="true" />
        <entry key="$USER_HOME$/tracxn/tracxnspring/libs2/utility/utils/tracxn-jobsystem/tracxn-kafka/tracxn-kafka-producer" value="true" />
        <entry key="$USER_HOME$/tracxn/tracxnspring/libs2/utility/utils/tracxn-jobsystem/tracxn-sqs" value="true" />
        <entry key="$USER_HOME$/tracxn/tracxnspring/libs2/utility/utils/tracxn-jobsystem/tracxn-sqs/tracxn-sqs-consumer" value="true" />
        <entry key="$USER_HOME$/tracxn/tracxnspring/libs2/utility/utils/tracxn-mongoutil" value="true" />
        <entry key="$USER_HOME$/tracxn/tracxnspring/libs2/utility/utils/tracxn-utilities" value="true" />
        <entry key="$USER_HOME$/tracxn/tracxnspring/libs2/utility/utils/tracxn-utilities/tracxn-utilities-common" value="true" />
        <entry key="$USER_HOME$/tracxn/tracxnspring/services/auth" value="true" />
        <entry key="$USER_HOME$/tracxn/tracxnspring/services/jps" value="true" />
        <entry key="$USER_HOME$/tracxn/tracxnspring/services/platform" value="true" />
        <entry key="$USER_HOME$/tracxn/tracxnspring/services/userservice" value="true" />
      </map>
    </option>
  </component>
  <component name="Trusted.Paths.Settings">
    <option name="TRUSTED_PATHS">
      <list>
        <option value="$USER_HOME$/tracxn" />
      </list>
    </option>
  </component>
</application>