<application>
  <component name="DimensionService">
    <location key="find.popup.0.0.3360.2100@192dpi" x="1084" y="226" />
    <size key="find.popup.0.0.3360.2100@192dpi" width="2276" height="1124" />
    <size key="GridCell.Tab.0.left.0.0.3360.2100@192dpi" width="3228" height="628" />
    <size key="GridCell.Tab.0.center.0.0.3360.2100@192dpi" width="3228" height="628" />
    <size key="GridCell.Tab.0.right.0.0.3360.2100@192dpi" width="3228" height="628" />
    <size key="GridCell.Tab.0.bottom.0.0.3360.2100@192dpi" width="3228" height="628" />
    <size key="GridCell.Tab.1.left.0.0.3360.2100@192dpi" width="3228" height="628" />
    <size key="GridCell.Tab.1.center.0.0.3360.2100@192dpi" width="3228" height="628" />
    <size key="GridCell.Tab.1.right.0.0.3360.2100@192dpi" width="3228" height="628" />
    <size key="GridCell.Tab.1.bottom.0.0.3360.2100@192dpi" width="3228" height="628" />
  </component>
  <component name="WindowManager">
    <frame x="0" y="0" width="1680" height="1050" fullScreen="true" />
  </component>
  <component name="WindowStateApplicationService">
    <state width="1540" height="119" key="ShowUsagesActions.dimensionServiceKey" timestamp="1726479684315">
      <screen x="0" y="0" width="1680" height="1050" />
    </state>
    <state width="1540" height="119" key="ShowUsagesActions.dimensionServiceKey/0.0.1680.1050" timestamp="1726479684315" />
  </component>
</application>